{"land_size_m2":{"land_size_m2":1.0,"building_size_m2":0.6943554713,"log_price_million":0.5872824596},"building_size_m2":{"land_size_m2":0.6943554713,"building_size_m2":1.0,"log_price_million":0.7124155704},"log_price_million":{"land_size_m2":0.5872824596,"building_size_m2":0.7124155704,"log_price_million":1.0}}